[
    {
        "ApprovedGrantorName": "hhhhhhhhh",
        "ApprovedGrantorAddress": "Pohhgfjhs",
        "ApprovedGrantorExpertise": "Pohhgfjhs",
        "ApprovedGrantorHOD": "ooo",
        "ApprovedGrantorEmail": "f2324324324"
    },
    {
        "ApprovedGrantorName": "Dendry",
        "ApprovedGrantorAddress": "Pohhhgfhgs",
        "ApprovedGrantorExpertise": "76hgfjhs",
        "ApprovedGrantorHOD": "ooo",
        "ApprovedGrantorEmail": "f2324324324"
    },
    {
        "ApprovedGrantorName": "jjjjjj",
        "ApprovedGrantorAddress": "P87654567fjhs",
        "ApprovedGrantorExpertise": "Pohhgfjhs",
        "ApprovedGrantorHOD": "ooo",
        "ApprovedGrantorEmail": "f2324324324"
    },
    {
        "id": 61e9,
        "ApprovedGrantorName": "hfytfh",
        "ApprovedGrantorAddress": "Pohhg1234444444444fjhs",
        "ApprovedGrantorExpertise": "Pohhgfjhs",
        "ApprovedGrantorHOD": "ooo",
        "ApprovedGrantorEmail": "f2324324324"
    }
]