[
    {
        "BeneficiaryName": "hhhhhhhhh",
        "BeneficiaryAddress": "Pohhgfjhs",
        "BeneficiaryExpertise": "Pohhgfjhs"
    },
    {
        "BeneficiaryName": "Dendry",
        "BeneficiaryAddress": "Pohhhgfhgs",
        "BeneficiaryExpertise": "76hgfjhs"
    },
    {
        "BeneficiaryName": "jjjjjj",
        "BeneficiaryAddress": "P87654567fjhs",
        "BeneficiaryExpertise": "Pohhgfjhs"
    },
    {
        "id": 61e9,
        "BeneficiaryName": "hfytfh",
        "BeneficiaryAddress": "Pohhg1234444444444fjhs",
        "BeneficiaryExpertise": "Pohhgfjhs"
    }
]