[
    {
        "ApprovedBeneficiaryName": "hhhhhhhhh",
        "ApprovedBeneficiaryAddress": "Pohhgfjhs",
        "ApprovedBeneficiaryExpertise": "Pohhgfjhs"
    },
    {
        "ApprovedBeneficiaryName": "Dendry",
        "ApprovedBeneficiaryAddress": "Pohhhgfhgs",
        "ApprovedBeneficiaryExpertise": "76hgfjhs"
    },
    {
        "ApprovedBeneficiaryName": "jjjjjj",
        "ApprovedBeneficiaryAddress": "P87654567fjhs",
        "ApprovedBeneficiaryExpertise": "Pohhgfjhs"
    },
    {
        "ApprovedBeneficiaryName": "hfytfh",
        "ApprovedBeneficiaryAddress": "Pohhg1234444444444fjhs",
        "ApprovedBeneficiaryExpertise": "Pohhgfjhs"
    }
]